section,name,answer,citation_count,conflict_count
base_compositional_eval,fastapi_python_ceiling_updated_plus_retained,"At that point, Python 3.13 was the newest explicitly supported Python line in the release notes. FastAPI 0.118.0 added support for Python 3.13.",2,0
base_compositional_eval,fastapi_python_support_updated_plus_retained,"FastAPI 0.125.0 dropped support for Python 3.8, so Python 3.9+ remained supported. The same release-note stream was already moving FastAPI docs and internals toward Python 3.10 syntax.",2,0
base_compositional_eval,pytest_python_support_updated_plus_retained,"pytest dropped support for Python 3.7, so Python 3.8+ remained supported. Curated benchmark note from the official changelog.",2,0
base_compositional_eval,pytest_python_ceiling_updated_plus_retained,"At that point, Python 3.13 was the newest explicitly supported Python line in the changelog. pytest 8.4.0 added support for Python 3.13, described as support for Python 3.13 beta1 at the time of writing.",2,0
base_compositional_eval,fastapi_pydantic_migration_updated_plus_retained,The migration target still remains Pydantic v2. FastAPI 0.119.0 supports both Pydantic v2 models and pydantic.v1 models at the same time in the same app to ease migration.,2,0
base_compositional_eval,typer_python_support_updated_plus_retained,"Before the later breaking cleanup, Typer still supported Python 3.9+, while the release stream was already upgrading types for Python 3.10 and adding internal scripts to migrate docs from Python 3.9 to Python 3.10.",1,0
base_compositional_eval,httpx_app_shortcut_updated_plus_retained,"In HTTPX 0.27.0, the `app=...` shortcut was still present but deprecated. The release notes told users to prefer the explicit transport style with `transport=httpx.WSGITransport()` or `transport=httpx.ASGITransport()` instead.",2,0
base_compositional_eval,httpx_proxy_cleanup_updated_plus_retained,"The old proxies argument would still continue to work for the moment, even though HTTPX 0.26.0 added the replacement proxy argument and deprecated proxies. The documented path was already to use proxy or mounts for more complex configurations.",2,0
base_compositional_eval,uvicorn_python_support_updated_plus_retained,"Before the later cleanup, Uvicorn still supported Python 3.9+, and the release stream had already added support for Python 3.14. Version window: 0.39.0 before the Python 3.9 drop.",2,0
base_compositional_eval,pydantic_ai_python_support_updated_plus_retained,"Before v1.0.0, Pydantic AI still supported Python 3.9+, and the same guide already documented support for ThinkingPart entries in v0.3.0.",1,0
naive_append_compositional_eval,fastapi_python_ceiling_updated_plus_retained,"FastAPI 0.119.0 added support for Python 3.14, while Python 3.13 still remained supported in the same later release-note stream. At that point, Python 3.13 was the newest explicitly supported Python line in the release notes.",2,1
naive_append_compositional_eval,pytest_python_ceiling_updated_plus_retained,"pytest 9.0.0 added official support for Python 3.14, while Python 3.13 still remained supported in the same later changelog stream. At that point, Python 3.13 was the newest explicitly supported Python line in the changelog.",2,1
naive_append_compositional_eval,httpx_app_shortcut_updated_plus_retained,"The explicit transport style with `transport=httpx.WSGITransport()` or `transport=httpx.ASGITransport()` remained the documented path after the removal. In HTTPX 0.27.0, the `app=...` shortcut was still present but deprecated.",2,1
naive_append_compositional_eval,httpx_proxy_cleanup_updated_plus_retained,"The old proxies argument would still continue to work for the moment, even though HTTPX 0.26.0 added the replacement proxy argument and deprecated proxies. The documented path was already to use proxy or mounts for more complex configurations.",2,1
naive_append_compositional_eval,uvicorn_python_support_updated_plus_retained,"Uvicorn later dropped Python 3.9, so Python 3.10+ remained supported. Before the later cleanup, Uvicorn still supported Python 3.9+, and the release stream had already added support for Python 3.14.",2,1
naive_append_compositional_eval,pydantic_ai_python_support_updated_plus_retained,"Before v1.0.0, Pydantic AI still supported Python 3.9+, and the same guide already documented support for ThinkingPart entries in v0.3.0. Pydantic AI v1.0.0 dropped support for Python 3.9, so Python 3.10+ remained supported.",2,1
conflict_synthesis_eval,fastapi_pydantic_migration_conflict_synthesis_1,"Since FastAPI 0.119.0, there is also partial support for Pydantic v1 from inside of Pydantic v2, to facilitate the migration to v2. Pydantic v2 still remains the supported migration target, and FastAPI later ran performance tests only on Pydantic v2.",2,1
